"No","Kode Kemendagri","Kabupaten","Provinsi","Ibu Kota","Kecamatan","Kecamatan/Desa"
"001.","11.05","Kabupaten Aceh Barat","Aceh","Meulaboh","12","321"
"002.","11.12","Kabupaten Aceh Barat Daya","Aceh","Blangpidie","09","152"
"003.","11.06","Kabupaten Aceh Besar","Aceh","Kota Jantho","23","609"
"004.","11.14","Kabupaten Aceh Jaya","Aceh","Calang","09","172"
"005.","11.01","Kabupaten Aceh Selatan","Aceh","Tapaktuan","18","260"
"006.","11.10","Kabupaten Aceh Singkil","Aceh","Singkil","11","116"
"007.","11.16","Kabupaten Aceh Tamiang","Aceh","Karang Baru","12","128"
"008.","11.04","Kabupaten Aceh Tengah","Aceh","Takengon","14","295"
"009.","11.02","Kabupaten Aceh Tenggara","Aceh","Kutacane","16","385"
"010.","11.03","Kabupaten Aceh Timur","Aceh","Idi Rayeuk","24","513"
"011.","11.08","Kabupaten Aceh Utara","Aceh","Lhoksukon","27","852"
"012.","31.01","Kabupaten Administrasi Kepulauan Seribu","Daerah Khusus Ibukota Jakarta","Pulau Pramuka","02","006"
"013.","13.06","Kabupaten Agam","Sumatra Barat","Lubuk Basung","16","082"
"014.","53.05","Kabupaten Alor","Nusa Tenggara Timur","Kalabahi","17","175"
"015.","12.09","Kabupaten Asahan","Sumatra Utara","Kisaran","25","204"
"016.","91.18","Kabupaten Asmat","Papua Selatan","Agats","19","221"
"017.","51.03","Kabupaten Badung","Bali","Mengwi","06","062"
"018.","63.11","Kabupaten Balangan","Kalimantan Selatan","Paringin","08","157"
"019.","32.04","Kabupaten Bandung","Jawa Barat","Soreang","31","280"
"020.","32.17","Kabupaten Bandung Barat","Jawa Barat","Ngamprah","16","165"
"021.","72.01","Kabupaten Banggai","Sulawesi Tengah","Luwuk","23","337"
"022.","72.07","Kabupaten Banggai Kepulauan","Sulawesi Tengah","Salakan","12","144"
"023.","72.11","Kabupaten Banggai Laut","Sulawesi Tengah","Banggai","07","066"
"024.","19.01","Kabupaten Bangka","Kepulauan Bangka Belitung","Sungailiat","08","081"
"025.","19.05","Kabupaten Bangka Barat","Kepulauan Bangka Belitung","Muntok","06","064"
"026.","19.03","Kabupaten Bangka Selatan","Kepulauan Bangka Belitung","Toboali","08","053"
"027.","19.04","Kabupaten Bangka Tengah","Kepulauan Bangka Belitung","Koba","06","063"
"028.","35.26","Kabupaten Bangkalan","Jawa Timur","Bangkalan","18","281"
"029.","51.06","Kabupaten Bangli","Bali","Bangli","04","072"
"030.","63.03","Kabupaten Banjar","Kalimantan Selatan","Martapura","20","290"
"031.","33.04","Kabupaten Banjarnegara","Jawa Tengah","Banjarnegara","20","278"
"032.","73.03","Kabupaten Bantaeng","Sulawesi Selatan","Bantaeng","08","067"
"033.","34.02","Kabupaten Bantul","Daerah Istimewa Yogyakarta","Bantul","17","075"
"034.","16.07","Kabupaten Banyuasin","Sumatra Selatan","Kota Pangkalan Balai","19","304"
"035.","33.02","Kabupaten Banyumas","Jawa Tengah","Kota Purwokerto","27","331"
"036.","35.10","Kabupaten Banyuwangi","Jawa Timur","Banyuwangi","25","217"
"037.","63.04","Kabupaten Barito Kuala","Kalimantan Selatan","Marabahan","17","201"
"038.","62.04","Kabupaten Barito Selatan","Kalimantan Tengah","Buntok","06","093"
"039.","62.13","Kabupaten Barito Timur","Kalimantan Tengah","Tamiang","10","103"
"040.","62.05","Kabupaten Barito Utara","Kalimantan Tengah","Muara Teweh","09","103"
"041.","73.11","Kabupaten Barru","Sulawesi Selatan","Barru","07","055"
"042.","33.25","Kabupaten Batang","Jawa Tengah","Batang","15","248"
"043.","15.04","Kabupaten Batanghari","Jambi","Muara Bulian","08","124"
"044.","12.19","Kabupaten Batu Bara","Sumatra Utara","Limapuluh","07","151"
"045.","32.16","Kabupaten Bekasi","Jawa Barat","Cikarang","23","187"
"046.","19.02","Kabupaten Belitung","Kepulauan Bangka Belitung","Tanjungpandan","05","049"
"047.","19.06","Kabupaten Belitung Timur","Kepulauan Bangka Belitung","Manggar","07","039"
"048.","53.04","Kabupaten Belu","Nusa Tenggara Timur","Atambua","12","081"
"049.","11.17","Kabupaten Bener Meriah","Aceh","Simpang Tiga Redelong","10","232"
"050.","14.03","Kabupaten Bengkalis","Riau","Bengkalis","11","155"
"051.","61.07","Kabupaten Bengkayang","Kalimantan Barat","Bengkayang","17","124"
"052.","17.01","Kabupaten Bengkulu Selatan","Bengkulu","Kota Manna","11","158"
"053.","17.09","Kabupaten Bengkulu Tengah","Bengkulu","Karang Tinggi","10","143"
"054.","17.03","Kabupaten Bengkulu Utara","Bengkulu","Kota Arga Makmur","19","220"
"055.","64.03","Kabupaten Berau","Kalimantan Timur","Tanjungredep","13","110"
"056.","91.06","Kabupaten Biak Numfor","Papua","Biak","19","268"
"057.","52.06","Kabupaten Bima","Nusa Tenggara Barat","Raba","18","191"
"058.","21.01","Kabupaten Bintan","Kepulauan Riau","Teluk Bintan","10","051"
"059.","11.11","Kabupaten Bireuen","Aceh","Bireuen","17","609"
"060.","35.05","Kabupaten Blitar","Jawa Timur","Kanigoro","22","248"
"061.","33.16","Kabupaten Blora","Jawa Tengah","Blora","16","295"
"062.","75.02","Kabupaten Boalemo","Gorontalo","Tilamuta","07","082"
"063.","32.01","Kabupaten Bogor","Jawa Barat","Cibinong","40","435"
"064.","35.22","Kabupaten Bojonegoro","Jawa Timur","Bojonegoro","28","430"
"065.","71.01","Kabupaten Bolaang Mongondow","Sulawesi Utara","Lolak","15","202"
"066.","71.11","Kabupaten Bolaang Mongondow Selatan","Sulawesi Utara","Bolaang Uki","07","081"
"067.","71.10","Kabupaten Bolaang Mongondow Timur","Sulawesi Utara","Tutuyan","07","081"
"068.","71.08","Kabupaten Bolaang Mongondow Utara","Sulawesi Utara","Boroko","06","107"
"069.","74.06","Kabupaten Bombana","Sulawesi Tenggara","Rumbia","22","143"
"070.","35.11","Kabupaten Bondowoso","Jawa Timur","Bondowoso","23","219"
"071.","73.08","Kabupaten Bone","Sulawesi Selatan","Watampone","27","372"
"072.","75.03","Kabupaten Bone Bolango","Gorontalo","Suwawa","18","165"
"073.","91.16","Kabupaten Boven Digoel","Papua Selatan","Tanah Merah","20","112"
"074.","33.09","Kabupaten Boyolali","Jawa Tengah","Boyolali","19","267"
"075.","33.29","Kabupaten Brebes","Jawa Tengah","Brebes","17","297"
"076.","51.08","Kabupaten Buleleng","Bali","Singaraja","09","148"
"077.","73.02","Kabupaten Bulukumba","Sulawesi Selatan","Bulukumba","10","136"
"078.","65.01","Kabupaten Bulungan","Kalimantan Utara","Tanjungselor","10","081"
"079.","15.08","Kabupaten Bungo","Jambi","Muara Bungo","17","153"
"080.","72.05","Kabupaten Buol","Sulawesi Tengah","Buol","11","115"
"081.","81.04","Kabupaten Buru","Maluku","Namlea","10","082"
"082.","81.09","Kabupaten Buru Selatan","Maluku","Namrole","06","079"
"083.","74.04","Kabupaten Buton","Sulawesi Tenggara","Pasarwajo","07","095"
"084.","74.15","Kabupaten Buton Selatan","Sulawesi Tenggara","Batauga","07","070"
"085.","74.14","Kabupaten Buton Tengah","Sulawesi Tenggara","Labungkari","07","077"
"086.","74.10","Kabupaten Buton Utara","Sulawesi Tenggara","Buranga","06","090"
"087.","32.07","Kabupaten Ciamis","Jawa Barat","Ciamis","27","265"
"088.","32.03","Kabupaten Cianjur","Jawa Barat","Cianjur","32","361"
"089.","33.01","Kabupaten Cilacap","Jawa Tengah","Cilacap","24","284"
"090.","32.09","Kabupaten Cirebon","Jawa Barat","Sumber","40","424"
"091.","12.11","Kabupaten Dairi","Sumatra Utara","Sidikalang","15","169"
"092.","91.28","Kabupaten Deiyai","Papua Tengah","Tigi","05","067"
"093.","12.07","Kabupaten Deli Serdang","Sumatra Utara","Lubuk Pakam","22","394"
"094.","33.21","Kabupaten Demak","Jawa Tengah","Demak","14","249"
"095.","13.10","Kabupaten Dharmasraya","Sumatra Barat","Pulau Punjung","11","052"
"096.","91.26","Kabupaten Dogiyai","Papua Tengah","Kigamani","10","079"
"097.","52.05","Kabupaten Dompu","Nusa Tenggara Barat","Dompu","08","081"
"098.","72.03","Kabupaten Donggala","Sulawesi Tengah","Banawa","16","167"
"099.","16.11","Kabupaten Empat Lawang","Sumatra Selatan","Tebing Tinggi","10","156"
"100.","53.08","Kabupaten Ende","Nusa Tenggara Timur","Ende","21","278"
"101.","73.16","Kabupaten Enrekang","Sulawesi Selatan","Enrekang","12","129"
"102.","92.03","Kabupaten Fakfak","Papua Barat","Fakfak","17","149"
"103.","53.06","Kabupaten Flores Timur","Nusa Tenggara Timur","Larantuka","19","250"
"104.","32.05","Kabupaten Garut","Jawa Barat","Garut","42","441"
"105.","11.13","Kabupaten Gayo Lues","Aceh","Blang Kejeren","11","136"
"106.","51.04","Kabupaten Gianyar","Bali","Gianyar","07","070"
"107.","75.01","Kabupaten Gorontalo","Gorontalo","Gorontalo","19","205"
"108.","75.05","Kabupaten Gorontalo Utara","Gorontalo","Kwandang","11","123"
"109.","73.06","Kabupaten Gowa","Sulawesi Selatan","Sungguminasa","18","167"
"110.","35.25","Kabupaten Gresik","Jawa Timur","Gresik","18","356"
"111.","33.15","Kabupaten Grobogan","Jawa Tengah","Purwodadi","19","280"
"112.","34.03","Kabupaten Gunungkidul","Daerah Istimewa Yogyakarta","Wonosari","18","144"
"113.","62.10","Kabupaten Gunung Mas","Kalimantan Tengah","Kuala Kurun","12","127"
"114.","82.01","Kabupaten Halmahera Barat","Maluku Utara","Jailolo","08","169"
"115.","82.04","Kabupaten Halmahera Selatan","Maluku Utara","Labuha","30","249"
"116.","82.02","Kabupaten Halmahera Tengah","Maluku Utara","Weda","10","061"
"117.","82.06","Kabupaten Halmahera Timur","Maluku Utara","Maba","10","102"
"118.","82.03","Kabupaten Halmahera Utara","Maluku Utara","Tobelo","17","196"
"119.","63.06","Kabupaten Hulu Sungai Selatan","Kalimantan Selatan","Kandangan","11","148"
"120.","63.07","Kabupaten Hulu Sungai Tengah","Kalimantan Selatan","Barabai","11","169"
"121.","63.08","Kabupaten Hulu Sungai Utara","Kalimantan Selatan","Amuntai","10","219"
"122.","12.16","Kabupaten Humbang Hasundutan","Sumatra Utara","Dolok Sanggul","10","154"
"123.","14.04","Kabupaten Indragiri Hilir","Riau","Tembilahan","20","236"
"124.","14.02","Kabupaten Indragiri Hulu","Riau","Rengat","14","194"
"125.","32.12","Kabupaten Indramayu","Jawa Barat","Indramayu","31","317"
"126.","91.27","Kabupaten Intan Jaya","Papua Tengah","Sugapa","08","097"
"127.","91.03","Kabupaten Jayapura","Papua","Sentani","19","144"
"128.","91.02","Kabupaten Jayawijaya","Papua Pegunungan","Wamena","40","332"
"129.","35.09","Kabupaten Jember","Jawa Timur","Jember","31","248"
"130.","51.01","Kabupaten Jembrana","Bali","Negara","05","051"
"131.","73.04","Kabupaten Jeneponto","Sulawesi Selatan","Jeneponto","11","113"
"132.","33.20","Kabupaten Jepara","Jawa Tengah","Jepara","16","195"
"133.","35.17","Kabupaten Jombang","Jawa Timur","Jombang","21","306"
"134.","92.08","Kabupaten Kaimana","Papua Barat","Kaimana","07","086"
"135.","14.01","Kabupaten Kampar","Riau","Bangkinang","21","250"
"136.","62.03","Kabupaten Kapuas","Kalimantan Tengah","Kuala Kapuas","17","231"
"137.","61.06","Kabupaten Kapuas Hulu","Kalimantan Barat","Putussibau","23","282"
"138.","33.13","Kabupaten Karanganyar","Jawa Tengah","Karanganyar","17","177"
"139.","51.07","Kabupaten Karangasem","Bali","Karangasem","08","078"
"140.","32.15","Kabupaten Karawang","Jawa Barat","Karawang","30","309"
"141.","21.02","Kabupaten Karimun","Kepulauan Riau","Tanjung Balai Karimun","12","071"
"142.","12.06","Kabupaten Karo","Sumatra Utara","Kabanjahe","17","269"
"143.","62.06","Kabupaten Katingan","Kalimantan Tengah","Kasongan","13","161"
"144.","17.04","Kabupaten Kaur","Bengkulu","Bintuhan","15","195"
"145.","61.11","Kabupaten Kayong Utara","Kalimantan Barat","Sukadana","06","043"
"146.","33.05","Kabupaten Kebumen","Jawa Tengah","Kebumen","26","460"
"147.","35.06","Kabupaten Kediri","Jawa Timur","Kediri","26","344"
"148.","91.11","Kabupaten Keerom","Papua","Waris","11","091"
"149.","33.24","Kabupaten Kendal","Jawa Tengah","Kendal","20","286"
"150.","17.08","Kabupaten Kepahiang","Bengkulu","Kepahiang","08","117"
"151.","21.05","Kabupaten Kepulauan Anambas","Kepulauan Riau","Tarempa","07","054"
"152.","81.07","Kabupaten Kepulauan Aru","Maluku","Dobo","10","119"
"153.","13.09","Kabupaten Kepulauan Mentawai","Sumatra Barat","Tuapeijat","10","043"
"154.","14.10","Kabupaten Kepulauan Meranti","Riau","Selatpanjang","09","101"
"155.","71.03","Kabupaten Kepulauan Sangihe","Sulawesi Utara","Tahuna","15","167"
"156.","73.01","Kabupaten Kepulauan Selayar","Sulawesi Selatan","Benteng","11","088"
"157.","71.09","Kabupaten Kepulauan Siau Tagulandang Biaro","Sulawesi Utara","Ondong Siau","10","093"
"158.","82.05","Kabupaten Kepulauan Sula","Maluku Utara","Sanana","12","078"
"159.","71.04","Kabupaten Kepulauan Talaud","Sulawesi Utara","Melonguane","19","153"
"160.","81.03","Kabupaten Kepulauan Tanimbar","Maluku","Saumlaki","10","082"
"161.","91.05","Kabupaten Kepulauan Yapen","Papua","Serui","16","165"
"162.","15.01","Kabupaten Kerinci","Jambi","Sungaipenuh","16","287"
"163.","61.04","Kabupaten Ketapang","Kalimantan Barat","Ketapang","20","262"
"164.","33.10","Kabupaten Klaten","Jawa Tengah","Klaten","26","401"
"165.","51.05","Kabupaten Klungkung","Bali","Klungkung","04","059"
"166.","74.01","Kabupaten Kolaka","Sulawesi Tenggara","Kolaka","12","135"
"167.","74.11","Kabupaten Kolaka Timur","Sulawesi Tenggara","Tirawuta","12","133"
"168.","74.08","Kabupaten Kolaka Utara","Sulawesi Tenggara","Lasusua","15","133"
"169.","74.02","Kabupaten Konawe","Sulawesi Tenggara","Unaaha","27","354"
"170.","74.12","Kabupaten Konawe Kepulauan","Sulawesi Tenggara","Langara","07","096"
"171.","74.05","Kabupaten Konawe Selatan","Sulawesi Tenggara","Andolo","25","351"
"172.","74.09","Kabupaten Konawe Utara","Sulawesi Tenggara","Wanggudu","13","170"
"173.","63.02","Kabupaten Kotabaru","Kalimantan Selatan","Kotabaru","21","202"
"174.","62.01","Kabupaten Kotawaringin Barat","Kalimantan Tengah","Pangkalan Bun","06","094"
"175.","62.02","Kabupaten Kotawaringin Timur","Kalimantan Tengah","Sampit","17","185"
"176.","14.09","Kabupaten Kuantan Singingi","Riau","Taluk Kuantan","15","229"
"177.","61.12","Kabupaten Kubu Raya","Kalimantan Barat","Sungai Raya","09","117"
"178.","33.19","Kabupaten Kudus","Jawa Tengah","Kudus","09","132"
"179.","34.01","Kabupaten Kulon Progo","Daerah Istimewa Yogyakarta","Wates","12","088"
"180.","32.08","Kabupaten Kuningan","Jawa Barat","Kuningan","32","376"
"181.","53.01","Kabupaten Kupang","Nusa Tenggara Timur","Kupang","24","177"
"182.","64.07","Kabupaten Kutai Barat","Kalimantan Timur","Sendawar","16","194"
"183.","64.02","Kabupaten Kutai Kartanegara","Kalimantan Timur","Tenggarong","18","237"
"184.","64.08","Kabupaten Kutai Timur","Kalimantan Timur","Sangatta","18","141"
"185.","12.10","Kabupaten Labuhanbatu","Sumatra Utara","Rantau Prapat","09","098"
"186.","12.22","Kabupaten Labuhanbatu Selatan","Sumatra Utara","Kota Pinang","05","054"
"187.","12.23","Kabupaten Labuhanbatu Utara","Sumatra Utara","Aek Kanopan","08","090"
"188.","16.04","Kabupaten Lahat","Sumatra Selatan","Lahat","24","378"
"189.","62.09","Kabupaten Lamandau","Kalimantan Tengah","Nanga Bulik","08","088"
"190.","35.24","Kabupaten Lamongan","Jawa Timur","Lamongan","27","474"
"191.","18.04","Kabupaten Lampung Barat","Lampung","Kota Liwa","15","136"
"192.","18.01","Kabupaten Lampung Selatan","Lampung","Kalianda","17","260"
"193.","18.02","Kabupaten Lampung Tengah","Lampung","Gunung Sugih","28","311"
"194.","18.07","Kabupaten Lampung Timur","Lampung","Sukadana,","24","264"
"195.","18.03","Kabupaten Lampung Utara","Lampung","Kotabumi","23","247"
"196.","61.08","Kabupaten Landak","Kalimantan Barat","Ngabang","13","156"
"197.","12.05","Kabupaten Langkat","Sumatra Utara","Stabat","23","277"
"198.","91.23","Kabupaten Lanny Jaya","Papua Pegunungan","Tiom","39","355"
"199.","36.02","Kabupaten Lebak","Banten","Rangkasbitung","28","345"
"200.","17.07","Kabupaten Lebong","Bengkulu","Muara Aman","12","104"
"201.","53.13","Kabupaten Lembata","Nusa Tenggara Timur","Lewoleba","09","151"
"202.","13.07","Kabupaten Lima Puluh Kota","Sumatra Barat","Sarilamak","13","079"
"203.","21.04","Kabupaten Lingga","Kepulauan Riau","Daik","10","082"
"204.","52.01","Kabupaten Lombok Barat","Nusa Tenggara Barat","Mataram","10","122"
"205.","52.02","Kabupaten Lombok Tengah","Nusa Tenggara Barat","Praya","12","139"
"206.","52.03","Kabupaten Lombok Timur","Nusa Tenggara Barat","Selong","20","254"
"207.","52.08","Kabupaten Lombok Utara","Nusa Tenggara Barat","Tanjung","05","033"
"208.","35.08","Kabupaten Lumajang","Jawa Timur","Lumajang","21","205"
"209.","73.17","Kabupaten Luwu","Sulawesi Selatan","Belopa","22","227"
"210.","73.24","Kabupaten Luwu Timur","Sulawesi Selatan","Malili","11","127"
"211.","73.22","Kabupaten Luwu Utara","Sulawesi Selatan","Masamba","12","173"
"212.","35.19","Kabupaten Madiun","Jawa Timur","Madiun","15","206"
"213.","33.08","Kabupaten Magelang","Jawa Tengah","Kota Mungkid","21","372"
"214.","35.20","Kabupaten Magetan","Jawa Timur","Magetan","18","235"
"215.","64.11","Kabupaten Mahakam Ulu","Kalimantan Timur","Batu Bulan","05","050"
"216.","32.10","Kabupaten Majalengka","Jawa Barat","Majalengka","26","343"
"217.","76.05","Kabupaten Majene","Sulawesi Barat","Majene","08","082"
"218.","53.21","Kabupaten Malaka","Nusa Tenggara Timur","Betun","12","127"
"219.","35.07","Kabupaten Malang","Jawa Timur","Kepanjen","33","390"
"220.","65.02","Kabupaten Malinau","Kalimantan Utara","Malinau","15","109"
"221.","81.08","Kabupaten Maluku Barat Daya","Maluku","Tiakur","17","118"
"222.","81.01","Kabupaten Maluku Tengah","Maluku","Masohi","18","192"
"223.","81.02","Kabupaten Maluku Tenggara","Maluku","Langgur","11","191"
"224.","76.03","Kabupaten Mamasa","Sulawesi Barat","Mamasa","17","181"
"225.","91.20","Kabupaten Mamberamo Raya","Papua","Burmeso","08","060"
"226.","91.21","Kabupaten Mamberamo Tengah","Papua Pegunungan","Kobakma","05","059"
"227.","76.02","Kabupaten Mamuju","Sulawesi Barat","Mamuju","11","101"
"228.","76.06","Kabupaten Mamuju Tengah","Sulawesi Barat","Tobadak","05","054"
"229.","12.13","Kabupaten Mandailing Natal","Sumatra Utara","Kota Panyabungan","23","404"
"230.","53.10","Kabupaten Manggarai","Nusa Tenggara Timur","Ruteng","12","171"
"231.","53.15","Kabupaten Manggarai Barat","Nusa Tenggara Timur","Labuan Bajo","12","169"
"232.","53.19","Kabupaten Manggarai Timur","Nusa Tenggara Timur","Borong","09","176"
"233.","92.02","Kabupaten Manokwari","Papua Barat","Manokwari","09","173"
"234.","92.11","Kabupaten Manokwari Selatan","Papua Barat","Ransiki","06","057"
"235.","91.17","Kabupaten Mappi","Papua Selatan","Kepi","15","164"
"236.","73.09","Kabupaten Maros","Sulawesi Selatan","Turikale","14","103"
"237.","92.10","Kabupaten Maybrat","Papua Barat Daya","Kumurkek","24","260"
"238.","61.10","Kabupaten Melawi","Kalimantan Barat","Nanga Pinoh","11","169"
"239.","61.02","Kabupaten Mempawah","Kalimantan Barat","Mempawah","09","067"
"240.","15.02","Kabupaten Merangin","Jambi","Bangko","24","215"
"241.","91.01","Kabupaten Merauke","Papua Selatan","Merauke","20","190"
"242.","18.11","Kabupaten Mesuji","Lampung","Mesuji","07","105"
"243.","91.09","Kabupaten Mimika","Papua Tengah","Timika","18","152"
"244.","71.02","Kabupaten Minahasa","Sulawesi Utara","Tondano","25","270"
"245.","71.05","Kabupaten Minahasa Selatan","Sulawesi Utara","Amurang","17","177"
"246.","71.07","Kabupaten Minahasa Tenggara","Sulawesi Utara","Ratahan","12","144"
"247.","71.06","Kabupaten Minahasa Utara","Sulawesi Utara","Airmadidi","10","131"
"248.","35.16","Kabupaten Mojokerto","Jawa Timur","Mojokerto","18","304"
"249.","72.06","Kabupaten Morowali","Sulawesi Tengah","Bungku","09","133"
"250.","72.12","Kabupaten Morowali Utara","Sulawesi Tengah","Kolonodale","10","125"
"251.","16.03","Kabupaten Muara Enim","Sumatra Selatan","Muara Enim","20","255"
"252.","15.05","Kabupaten Muaro Jambi","Jambi","Sengeti","11","155"
"253.","17.06","Kabupaten Mukomuko","Bengkulu","Mukomuko","15","151"
"254.","74.03","Kabupaten Muna","Sulawesi Tenggara","Raha","22","151"
"255.","74.13","Kabupaten Muna Barat","Sulawesi Tenggara","Laworo","11","086"
"256.","62.12","Kabupaten Murung Raya","Kalimantan Tengah","Purukcahu","10","125"
"257.","16.06","Kabupaten Musi Banyuasin","Sumatra Selatan","Sekayu","14","240"
"258.","16.05","Kabupaten Musi Rawas","Sumatra Selatan","Muara Beliti Baru","14","199"
"259.","16.13","Kabupaten Musi Rawas Utara","Sumatra Selatan","Rupit","07","089"
"260.","91.04","Kabupaten Nabire","Papua Tengah","Nabire","15","081"
"261.","11.15","Kabupaten Nagan Raya","Aceh","Suka Makmue","10","222"
"262.","53.16","Kabupaten Nagekeo","Nusa Tenggara Timur","Mbay","07","113"
"263.","21.03","Kabupaten Natuna","Kepulauan Riau","Ranai","15","076"
"264.","91.24","Kabupaten Nduga","Papua Pegunungan","Kenyam","32","248"
"265.","53.09","Kabupaten Ngada","Nusa Tenggara Timur","Bajawa","12","151"
"266.","35.18","Kabupaten Nganjuk","Jawa Timur","Nganjuk","20","284"
"267.","35.21","Kabupaten Ngawi","Jawa Timur","Ngawi","19","217"
"268.","12.04","Kabupaten Nias","Sumatra Utara","Gunung Sitoli","10","170"
"269.","12.25","Kabupaten Nias Barat","Sumatra Utara","Lahomi","08","105"
"270.","12.14","Kabupaten Nias Selatan","Sumatra Utara","Teluk Dalam","35","461"
"271.","12.24","Kabupaten Nias Utara","Sumatra Utara","Lotu","11","113"
"272.","65.03","Kabupaten Nunukan","Kalimantan Utara","Nunukan","19","240"
"273.","16.10","Kabupaten Ogan Ilir","Sumatra Selatan","Indralaya","16","241"
"274.","16.02","Kabupaten Ogan Komering Ilir","Sumatra Selatan","Kota Kayu Agung","18","327"
"275.","16.01","Kabupaten Ogan Komering Ulu","Sumatra Selatan","Baturaja","13","157"
"276.","16.09","Kabupaten Ogan Komering Ulu Selatan","Sumatra Selatan","Muaradua","19","259"
"277.","16.08","Kabupaten Ogan Komering Ulu Timur","Sumatra Selatan","Martapura","20","312"
"278.","35.01","Kabupaten Pacitan","Jawa Timur","Pacitan","12","171"
"279.","12.21","Kabupaten Padang Lawas","Sumatra Utara","Sibuhuan","12","304"
"280.","12.20","Kabupaten Padang Lawas Utara","Sumatra Utara","Gunung Tua","12","388"
"281.","13.05","Kabupaten Padang Pariaman","Sumatra Barat","Parit Malintang","17","103"
"282.","12.15","Kabupaten Pakpak Bharat","Sumatra Utara","Salak","08","052"
"283.","35.28","Kabupaten Pamekasan","Jawa Timur","Pamekasan","13","189"
"284.","36.01","Kabupaten Pandeglang","Banten","Pandeglang","35","339"
"285.","36.18","Kabupaten Pangandaran","Jawa Barat","Parigi","10","093"
"286.","73.10","Kabupaten Pangkajene Dan Kepulauan","Sulawesi Selatan","Pangkajene","13","103"
"287.","91.08","Kabupaten Paniai","Papua Tengah","Enarotali","23","221"
"288.","72.08","Kabupaten Parigi Moutong","Sulawesi Tengah","Parigi Kota","23","283"
"289.","13.08","Kabupaten Pasaman","Sumatra Barat","Lubuk Sikaping","12","037"
"290.","13.12","Kabupaten Pasaman Barat","Sumatra Barat","Simpang Ampek","11","019"
"291.","76.01","Kabupaten Pasangkayu","Sulawesi Barat","Pasangkayu","12","063"
"292.","64.01","Kabupaten Paser","Kalimantan Timur","Tanah Grogot","10","144"
"293.","35.14","Kabupaten Pasuruan","Jawa Timur","Pasuruan","24","365"
"294.","33.18","Kabupaten Pati","Jawa Tengah","Pati","21","406"
"295.","92.12","Kabupaten Pegunungan Arfak","Papua Barat","Anggi","10","166"
"296.","91.12","Kabupaten Pegunungan Bintang","Papua Pegunungan","Oksibil","34","277"
"297.","33.26","Kabupaten Pekalongan","Jawa Tengah","Kajen","19","285"
"298.","14.05","Kabupaten Pelalawan","Riau","Pangkalan Kerinci","12","118"
"299.","33.27","Kabupaten Pemalang","Jawa Tengah","Pemalang","14","222"
"300.","64.09","Kabupaten Penajam Paser Utara","Kalimantan Timur","Penajam","04","054"
"301.","16.12","Kabupaten Penukal Abab Lematang Ilir","Sumatra Selatan","Talang Ubi","05","071"
"302.","18.09","Kabupaten Pesawaran","Lampung","Gedong Tataan","11","144"
"303.","18.13","Kabupaten Pesisir Barat","Lampung","Pasar Krui","11","118"
"304.","13.01","Kabupaten Pesisir Selatan","Sumatra Barat","Painan","15","182"
"305.","11.07","Kabupaten Pidie","Aceh","Sigli","23","730"
"306.","11.18","Kabupaten Pidie Jaya","Aceh","Meureudu","08","222"
"307.","73.15","Kabupaten Pinrang","Sulawesi Selatan","Pinrang","12","108"
"308.","75.04","Kabupaten Pohuwato","Gorontalo","Marisa","13","104"
"309.","76.04","Kabupaten Polewali Mandar","Sulawesi Barat","Polewali","16","167"
"310.","35.02","Kabupaten Ponorogo","Jawa Timur","Ponorogo","21","307"
"311.","72.02","Kabupaten Poso","Sulawesi tengah","Poso","19","170"
"312.","18.10","Kabupaten Pringsewu","Lampung","Pringsewu","09","131"
"313.","35.13","Kabupaten Probolinggo","Jawa Timur","Kraksaan","24","330"
"314.","62.11","Kabupaten Pulang Pisau","Kalimantan Tengah","Pulang Pisau","08","099"
"315.","82.07","Kabupaten Pulau Morotai","Maluku Utara","Morotai Selatan","05","088"
"316.","82.08","Kabupaten Pulau Taliabu","Maluku Utara","Bobong","08","071"
"317.","91.25","Kabupaten Puncak","Papua Tengah","Ilaga","25","206"
"318.","91.07","Kabupaten Puncak Jaya","Papua Tengah","Kotamulia","26","305"
"319.","33.03","Kabupaten Purbalingga","Jawa Tengah","Purbalingga","18","239"
"320.","32.14","Kabupaten Purwakarta","Jawa Barat","Purwakarta","17","192"
"321.","33.06","Kabupaten Purworejo","Jawa Tengah","Purworejo","16","494"
"322.","92.05","Kabupaten Raja Ampat","Papua Barat Daya","Waisai","24","121"
"323.","17.02","Kabupaten Rejang Lebong","Bengkulu","Curup","15","156"
"324.","33.17","Kabupaten Rembang","Jawa Tengah","Rembang","14","294"
"325.","14.07","Kabupaten Rokan Hilir","Riau","Ujung Tanjung","15","184"
"326.","14.06","Kabupaten Rokan Hulu","Riau","Pasir Pengaraian","16","145"
"327.","53.14","Kabupaten Rote Ndao","Nusa Tenggara Timur","Baa","10","119"
"328.","53.20","Kabupaten Sabu Raijua","Nusa Tenggara Timur","Seba","06","063"
"329.","61.01","Kabupaten Sambas","Kalimantan Barat","Sambas","19","193"
"330.","12.17","Kabupaten Samosir","Sumatra Utara","Pangururan","09","134"
"331.","35.27","Kabupaten Sampang","Jawa Timur","Sampang","14","186"
"332.","61.03","Kabupaten Sanggau","Kalimantan Barat","Sanggau","15","169"
"333.","91.10","Kabupaten Sarmi","Papua","Sarmi","10","094"
"334.","15.03","Kabupaten Sarolangun","Jambi","Sarolangun","10","158"
"335.","61.09","Kabupaten Sekadau","Kalimantan Barat","Sekadau","07","087"
"336.","17.05","Kabupaten Seluma","Bengkulu","Tais","14","202"
"337.","33.22","Kabupaten Semarang","Jawa Tengah","Ungaran","19","235"
"338.","81.06","Kabupaten Seram Bagian Barat","Maluku","Piru","11","092"
"339.","81.05","Kabupaten Seram Bagian Timur","Maluku","Bula","15","198"
"340.","36.04","Kabupaten Serang","Banten","Ciruas","29","326"
"341.","12.18","Kabupaten Serdang Bedagai","Sumatra Utara","Sei Rampah","17","243"
"342.","62.07","Kabupaten Seruyan","Kalimantan Tengah","Kuala Pembuang","10","100"
"343.","14.08","Kabupaten Siak","Riau","Siak Sri Indrapura","14","131"
"344.","73.14","Kabupaten Sidenreng Rappang","Sulawesi Selatan","Pangkajene Sidenreng","11","106"
"345.","35.15","Kabupaten Sidoarjo","Jawa Timur","Sidoarjo","18","353"
"346.","72.10","Kabupaten Sigi","Sulawesi Tengah","Sigi Biromaru","15","176"
"347.","13.03","Kabupaten Sijunjung","Sumatra Barat","Muaro","08","061"
"348.","53.07","Kabupaten Sikka","Nusa Tenggara Timur","Maumere","21","160"
"349.","12.08","Kabupaten Simalungun","Sumatra Utara","Raya","32","413"
"350.","11.09","Kabupaten Simeulue","Aceh","Sinabang","10","138"
"351.","73.07","Kabupaten Sinjai","Sulawesi Selatan","Sinjai","09","080"
"352.","61.05","Kabupaten Sintang","Kalimantan Barat","Sintang","14","406"
"353.","35.12","Kabupaten Situbondo","Jawa Timur","Situbondo","17","136"
"354.","34.04","Kabupaten Sleman","Daerah Istimewa Yogyakarta","Sleman","17","086"
"355.","13.02","Kabupaten Solok","Sumatra Barat","Arosuka","14","074"
"356.","13.11","Kabupaten Solok Selatan","Sumatra Barat","Padang Aro","07","039"
"357.","73.12","Kabupaten Soppeng","Sulawesi Selatan","Watan Soppeng","08","070"
"358.","92.01","Kabupaten Sorong","Papua Barat Daya","Aimas","30","252"
"359.","92.04","Kabupaten Sorong Selatan","Papua Barat Daya","Teminabuan","15","123"
"360.","33.14","Kabupaten Sragen","Jawa Tengah","Sragen","20","208"
"361.","32.13","Kabupaten Subang","Jawa Barat","Subang","30","253"
"362.","32.02","Kabupaten Sukabumi","Jawa Barat","Pelabuhanratu","47","386"
"363.","62.08","Kabupaten Sukamara","Kalimantan Tengah","Sukamara","05","032"
"364.","33.11","Kabupaten Sukoharjo","Jawa Tengah","Sukoharjo","12","167"
"365.","53.12","Kabupaten Sumba Barat","Nusa Tenggara Timur","Waikabubak","06","074"
"366.","53.18","Kabupaten Sumba Barat Daya","Nusa Tenggara Timur","Tambolaka","11","175"
"367.","53.17","Kabupaten Sumba Tengah","Nusa Tenggara Timur","Waibakul","05","065"
"368.","53.11","Kabupaten Sumba Timur","Nusa Tenggara Timur","Waingapu","22","156"
"369.","52.04","Kabupaten Sumbawa","Nusa Tenggara Barat","Sumbawa Besar","24","165"
"370.","52.07","Kabupaten Sumbawa Barat","Nusa Tenggara Barat","Taliwang","08","064"
"371.","32.11","Kabupaten Sumedang","Jawa Barat","Sumedang","26","277"
"372.","35.29","Kabupaten Sumenep","Jawa Timur","Sumenep","27","334"
"373.","91.19","Kabupaten Supiori","Papua","Sorendiweri","05","038"
"374.","63.09","Kabupaten Tabalong","Kalimantan Selatan","Tanjung","12","131"
"375.","51.02","Kabupaten Tabanan","Bali","Tabanan","10","133"
"376.","73.05","Kabupaten Takalar","Sulawesi Selatan","Pattalassang","09","100"
"377.","92.09","Kabupaten Tambrauw","Papua Barat Daya","Fef","29","216"
"378.","65.04","Kabupaten Tana Tidung","Kalimantan Utara","Tideng Pale","05","032"
"379.","73.18","Kabupaten Tana Toraja","Sulawesi Selatan","Makale","19","159"
"380.","63.10","Kabupaten Tanah Bumbu","Kalimantan Selatan","Batulicin","10","149"
"381.","13.04","Kabupaten Tanah Datar","Sumatra Barat","Batusangkar","14","075"
"382.","63.01","Kabupaten Tanah Laut","Kalimantan Selatan","Pelaihari","11","135"
"383.","36.03","Kabupaten Tangerang","Banten","Tigaraksa","29","274"
"384.","18.06","Kabupaten Tanggamus","Lampung","Kota Agung","20","302"
"385.","15.06","Kabupaten Tanjung Jabung Barat","Jambi","Kuala Tungkal","13","134"
"386.","15.07","Kabupaten Tanjung Jabung Timur","Jambi","Muara Sabak","11","093"
"387.","12.03","Kabupaten Tapanuli Selatan","Sumatra Utara","Sipirok","14","248"
"388.","12.01","Kabupaten Tapanuli Tengah","Sumatra Utara","Pandan","20","215"
"389.","12.02","Kabupaten Tapanuli Utara","Sumatra Utara","Tarutung","15","252"
"390.","63.05","Kabupaten Tapin","Kalimantan Selatan","Rantau","12","135"
"391.","32.06","Kabupaten Tasikmalaya","Jawa Barat","Singaparna","39","351"
"392.","15.09","Kabupaten Tebo","Jambi","Muara Tebo","12","112"
"393.","33.28","Kabupaten Tegal","Jawa Tengah","Slawi","18","287"
"394.","92.06","Kabupaten Teluk Bintuni","Papua Barat","Bintuni","24","117"
"395.","92.07","Kabupaten Teluk Wondama","Papua Barat","Rasiei","13","76"
"396.","33.23","Kabupaten Temanggung","Jawa Tengah","Temanggung","20","289"
"397.","53.02","Kabupaten Timor Tengah Selatan","Nusa Tenggara Timur","Soe","32","278"
"398.","53.03","Kabupaten Timor Tengah Utara","Nusa Tenggara Timur","Kefamenanu","24","193"
"399.","12.12","Kabupaten Toba","Sumatra Utara","Balige","16","244"
"400.","72.09","Kabupaten Tojo Una Una","Sulawesi Tengah","Ampana","12","146"
"401.","91.14","Kabupaten Tolikara","Papua Pegunungan","Karubaga","46","545"
"402.","72.04","Kabupaten Tolitoli","Sulawesi Tengah","Tolitoli","10","109"
"403.","73.26","Kabupaten Toraja Utara","Sulawesi Selatan","Rantepao","21","151"
"404.","35.03","Kabupaten Trenggalek","Jawa Timur","Trenggalek","14","157"
"405.","35.23","Kabupaten Tuban","Jawa Timur","Tuban","20","328"
"406.","18.05","Kabupaten Tulang Bawang","Lampung","Menggala","15","151"
"407.","18.12","Kabupaten Tulang Bawang Barat","Lampung","Tulang Bawang Tengah","09","096"
"408.","35.04","Kabupaten Tulungagung","Jawa Timur","Tulungagung","19","271"
"409.","73.13","Kabupaten Wajo","Sulawesi Selatan","Sengkang","14","190"
"410.","74.07","Kabupaten Wakatobi","Sulawesi Tenggara","Wangi Wangi","08","101"
"411.","91.15","Kabupaten Waropen","Papua","Botawa","11","100"
"412.","18.08","Kabupaten Way Kanan","Lampung","Blambangan Umpu","14","227"
"413.","33.12","Kabupaten Wonogiri","Jawa Tengah","Wonogiri","25","294"
"414.","33.07","Kabupaten Wonosobo","Jawa Tengah","Wonosobo","15","265"
"415.","91.13","Kabupaten Yahukimo","Papua Pegunungan","Sumohai","51","511"
"416.","91.22","Kabupaten Yalimo","Papua Pegunungan","Elelim","05","300"
